{"train_loss": [0.5725479896962643, 0.2572436923235655, 0.20683780938200652, 0.17731714182160796, 0.152873034119606, 0.1353016287968494, 0.11765359951509163, 0.1035485400055768, 0.09114170836424455, 0.08014543946034973, 0.07165989001680281, 0.062081260140636, 0.037228951191176744, 0.030917814584245206, 0.02671891525328465, 0.018629251425410984, 0.015581905746315896, 0.016010557731351127, 0.01106946516454991, 0.010636207431432468], "train_acc": [83.6640625, 93.028125, 94.31875, 95.0171875, 95.6453125, 96.00625, 96.471875, 96.834375, 97.1921875, 97.4125, 97.684375, 98.0046875, 98.7828125, 98.9734375, 99.109375, 99.3671875, 99.478125, 99.4875, 99.640625, 99.6796875], "val_loss": [0.2656465124748647, 0.22906429383903743, 0.19615943696163596, 0.1854248850066215, 0.18325707519357093, 0.17429557138867677, 0.17903866316378117, 0.18163087755069138, 0.17256867611408233, 0.195005991139682, 0.18582004603534005, 0.21418285730015488, 0.2124968609213829, 0.217041587742744, 0.22302368615374144, 0.2309137174182033, 0.24351849907301948, 0.2571328628890624, 0.25090283480521614, 0.25175855039298767], "val_acc": [92.78125, 93.83125, 94.55, 95.00625, 94.99375, 95.225, 95.23125, 95.325, 95.5375, 95.2375, 95.4, 95.01875, 95.7375, 95.50625, 95.5875, 95.81875, 95.74375, 95.8, 95.9125, 95.93125]}