{"train_loss": [0.5466393694467843, 0.25730075042322276, 0.21138643958792092, 0.17892807344999165, 0.15662585682515054, 0.1346624372159131, 0.12047375425207428, 0.10655099148442969, 0.09010809065378271, 0.08205626176204532], "train_acc": [84.5796875, 93.078125, 94.1125, 95.0078125, 95.6203125, 96.1125, 96.465625, 96.7984375, 97.190625, 97.4171875], "val_loss": [0.2678162325620651, 0.236029051695019, 0.20379085777141154, 0.20161839362420142, 0.19286068549379706, 0.18490100888558664, 0.18470162835158407, 0.18840797773143275, 0.20642251214926363, 0.19230274909402942], "val_acc": [92.95625, 93.75, 94.30625, 94.75, 95.01875, 95.2125, 95.275, 95.01875, 95.1875, 95.6]}